{"cameraMode":{"drawMode":0,"name":"Shaded","section":"Shading Mode"},"sceneLighting":true,"audioPlay":false,"sceneViewState":{"m_AlwaysRefresh":false,"showFog":true,"showSkybox":true,"showFlares":true,"showImageEffects":true,"showParticleSystems":true,"showVisualEffectGraphs":true,"m_FxEnabled":true},"in2DMode":false,"pivot":{"x":-472.1614990234375,"y":-56.89911651611328,"z":481.7218933105469},"rotation":{"x":0.053259193897247317,"y":-0.36677518486976626,"z":0.021067021414637567,"w":0.928528368473053},"size":373.08148193359377,"orthographic":false}